{
  "Use Non-ASCII Font" : false,
  "Tags" : [

  ],
  "Ansi 12 Color" : {
    "Green Component" : 0.64410710334777832,
    "Red Component" : 0.32856267690658569,
    "Blue Component" : 0.95445334911346436
  },
  "Ansi 6 Color" : {
    "Red Component" : 0.14901960784313725,
    "Color Space" : "sRGB",
    "Blue Component" : 0.85490196078431369,
    "Alpha Component" : 1,
    "Green Component" : 0.77647058823529413
  },
  "Normal Font" : "MesloLGLNerdFontComplete-Regular 13",
  "Bold Color" : {
    "Red Component" : 0.900146484375,
    "Color Space" : "sRGB",
    "Blue Component" : 0.21849869191646576,
    "Alpha Component" : 1,
    "Green Component" : 0.8274835553495743
  },
  "Link Color" : {
    "Red Component" : 0,
    "Color Space" : "sRGB",
    "Blue Component" : 0.73423302173614502,
    "Alpha Component" : 1,
    "Green Component" : 0.35916060209274292
  },
  "Ansi 1 Color" : {
    "Red Component" : 1,
    "Color Space" : "sRGB",
    "Blue Component" : 0,
    "Alpha Component" : 1,
    "Green Component" : 0
  },
  "Guid" : "FE0F3CE1-B087-47BD-830F-695C536DDD75",
  "Rows" : 25,
  "Default Bookmark" : "No",
  "Cursor Guide Color" : {
    "Red Component" : 0.40000000000000002,
    "Color Space" : "sRGB",
    "Blue Component" : 0.40000000000000002,
    "Alpha Component" : 1,
    "Green Component" : 0.40000000000000002
  },
  "Non-ASCII Anti Aliased" : true,
  "Use Bright Bold" : true,
  "Ansi 10 Color" : {
    "Green Component" : 0.73019099235534668,
    "Red Component" : 0.47961589694023132,
    "Blue Component" : 0.22740326821804047
  },
  "Use Cursor Guide" : false,
  "Icon" : 0,
  "Ambiguous Double Width" : false,
  "Jobs to Ignore" : [
    "rlogin",
    "ssh",
    "slogin",
    "telnet"
  ],
  "Ansi 15 Color" : {
    "Green Component" : 0.84936714172363281,
    "Red Component" : 0.8493925929069519,
    "Blue Component" : 0.84938156604766846
  },
  "Foreground Color" : {
    "Green Component" : 0.89727580547332764,
    "Red Component" : 0.89730262756347656,
    "Blue Component" : 0.89729100465774536
  },
  "Working Directory" : "\/Users\/jacurtis",
  "Use Tab Color" : false,
  "Blinking Cursor" : true,
  "Disable Window Resizing" : true,
  "Sync Title" : false,
  "Prompt Before Closing 2" : false,
  "BM Growl" : true,
  "Command" : "",
  "Description" : "Default",
  "Mouse Reporting" : true,
  "Screen" : -1,
  "Selection Color" : {
    "Green Component" : 0.87323933839797974,
    "Red Component" : 0.87326544523239136,
    "Blue Component" : 0.87325412034988403
  },
  "Columns" : 80,
  "Idle Code" : 0,
  "Ansi 13 Color" : {
    "Green Component" : 0.30266252160072327,
    "Red Component" : 0.66606861352920532,
    "Blue Component" : 0.73656630516052246
  },
  "Title Components" : 1,
  "Custom Command" : "No",
  "ASCII Anti Aliased" : true,
  "Non Ascii Font" : "MesloLGLNerdFontComplete-Regular 13",
  "Vertical Spacing" : 1,
  "Use Bold Font" : true,
  "Option Key Sends" : 0,
  "Selected Text Color" : {
    "Green Component" : 0.23922491073608398,
    "Red Component" : 0.23923206329345703,
    "Blue Component" : 0.23922896385192871
  },
  "Background Color" : {
    "Green Component" : 0.13542565703392029,
    "Red Component" : 0.13533444702625275,
    "Blue Component" : 0.13233847916126251
  },
  "Character Encoding" : 4,
  "Ansi 11 Color" : {
    "Green Component" : 0.91622048616409302,
    "Red Component" : 0.99857872724533081,
    "Blue Component" : 0.18199658393859863
  },
  "Use Italic Font" : true,
  "Unlimited Scrollback" : false,
  "Keyboard Map" : {
    "0xf700-0x260000" : {
      "Action" : 10,
      "Text" : "[1;6A"
    },
    "0x37-0x40000" : {
      "Action" : 11,
      "Text" : "0x1f"
    },
    "0x32-0x40000" : {
      "Action" : 11,
      "Text" : "0x00"
    },
    "0xf709-0x20000" : {
      "Action" : 10,
      "Text" : "[17;2~"
    },
    "0xf70c-0x20000" : {
      "Action" : 10,
      "Text" : "[20;2~"
    },
    "0xf729-0x20000" : {
      "Action" : 10,
      "Text" : "[1;2H"
    },
    "0xf72b-0x40000" : {
      "Action" : 10,
      "Text" : "[1;5F"
    },
    "0xf705-0x20000" : {
      "Action" : 10,
      "Text" : "[1;2Q"
    },
    "0xf703-0x260000" : {
      "Action" : 10,
      "Text" : "[1;6C"
    },
    "0xf700-0x220000" : {
      "Action" : 10,
      "Text" : "[1;2A"
    },
    "0xf701-0x280000" : {
      "Action" : 11,
      "Text" : "0x1b 0x1b 0x5b 0x42"
    },
    "0x38-0x40000" : {
      "Action" : 11,
      "Text" : "0x7f"
    },
    "0x33-0x40000" : {
      "Action" : 11,
      "Text" : "0x1b"
    },
    "0xf703-0x220000" : {
      "Action" : 10,
      "Text" : "[1;2C"
    },
    "0xf701-0x240000" : {
      "Action" : 10,
      "Text" : "[1;5B"
    },
    "0xf70d-0x20000" : {
      "Action" : 10,
      "Text" : "[21;2~"
    },
    "0xf702-0x260000" : {
      "Action" : 10,
      "Text" : "[1;6D"
    },
    "0xf729-0x40000" : {
      "Action" : 10,
      "Text" : "[1;5H"
    },
    "0xf706-0x20000" : {
      "Action" : 10,
      "Text" : "[1;2R"
    },
    "0x34-0x40000" : {
      "Action" : 11,
      "Text" : "0x1c"
    },
    "0xf700-0x280000" : {
      "Action" : 11,
      "Text" : "0x1b 0x1b 0x5b 0x41"
    },
    "0x2d-0x40000" : {
      "Action" : 11,
      "Text" : "0x1f"
    },
    "0xf70e-0x20000" : {
      "Action" : 10,
      "Text" : "[23;2~"
    },
    "0xf702-0x220000" : {
      "Action" : 10,
      "Text" : "[1;2D"
    },
    "0xf703-0x280000" : {
      "Action" : 11,
      "Text" : "0x1b 0x1b 0x5b 0x43"
    },
    "0xf700-0x240000" : {
      "Action" : 10,
      "Text" : "[1;5A"
    },
    "0xf707-0x20000" : {
      "Action" : 10,
      "Text" : "[1;2S"
    },
    "0xf70a-0x20000" : {
      "Action" : 10,
      "Text" : "[18;2~"
    },
    "0x35-0x40000" : {
      "Action" : 11,
      "Text" : "0x1d"
    },
    "0xf70f-0x20000" : {
      "Action" : 10,
      "Text" : "[24;2~"
    },
    "0xf703-0x240000" : {
      "Action" : 10,
      "Text" : "[1;5C"
    },
    "0xf701-0x260000" : {
      "Action" : 10,
      "Text" : "[1;6B"
    },
    "0xf702-0x280000" : {
      "Action" : 11,
      "Text" : "0x1b 0x1b 0x5b 0x44"
    },
    "0xf72b-0x20000" : {
      "Action" : 10,
      "Text" : "[1;2F"
    },
    "0x36-0x40000" : {
      "Action" : 11,
      "Text" : "0x1e"
    },
    "0xf708-0x20000" : {
      "Action" : 10,
      "Text" : "[15;2~"
    },
    "0xf701-0x220000" : {
      "Action" : 10,
      "Text" : "[1;2B"
    },
    "0xf70b-0x20000" : {
      "Action" : 10,
      "Text" : "[19;2~"
    },
    "0xf702-0x240000" : {
      "Action" : 10,
      "Text" : "[1;5D"
    },
    "0xf704-0x20000" : {
      "Action" : 10,
      "Text" : "[1;2P"
    }
  },
  "Window Type" : 0,
  "Blink Allowed" : true,
  "Cursor Type" : 1,
  "Background Image Location" : "",
  "Blur" : false,
  "Badge Color" : {
    "Red Component" : 1,
    "Color Space" : "sRGB",
    "Blue Component" : 0,
    "Alpha Component" : 0.5,
    "Green Component" : 0.1491314172744751
  },
  "Initial Text" : "",
  "Scrollback Lines" : 1000,
  "Cursor Boost" : 0,
  "Send Code When Idle" : false,
  "Close Sessions On End" : true,
  "Terminal Type" : "xterm-256color",
  "Visual Bell" : true,
  "Flashing Bell" : false,
  "Silence Bell" : false,
  "Use Underline Color" : false,
  "Ansi 14 Color" : {
    "Green Component" : 0.73243516683578491,
    "Red Component" : 0.14981316030025482,
    "Blue Component" : 0.82006889581680298
  },
  "ASCII Ligatures" : false,
  "Name" : "Devmarketer",
  "Cursor Text Color" : {
    "Green Component" : 0.87323933839797974,
    "Red Component" : 0.87326544523239136,
    "Blue Component" : 0.87325412034988403
  },
  "Shortcut" : "",
  "Cursor Color" : {
    "Red Component" : 0.93725490196078431,
    "Color Space" : "sRGB",
    "Blue Component" : 0.30980392156862746,
    "Alpha Component" : 1,
    "Green Component" : 0.32156862745098042
  },
  "Transparency" : 0,
  "Ansi 0 Color" : {
    "Green Component" : 0.12941177189350128,
    "Red Component" : 0.12941177189350128,
    "Blue Component" : 0.12941177189350128
  },